Date,City,City_ID,Housing_Price_Index
2005-01,Montréal CMA,2011S0503462,75.9
2005-02,Montréal CMA,2011S0503462,76.2
2005-03,Montréal CMA,2011S0503462,76.7
2005-04,Montréal CMA,2011S0503462,76.9
2005-05,Montréal CMA,2011S0503462,76.9
2005-06,Montréal CMA,2011S0503462,77.1
2005-07,Montréal CMA,2011S0503462,77.1
2005-08,Montréal CMA,2011S0503462,77.3
2005-09,Montréal CMA,2011S0503462,77.8
2005-10,Montréal CMA,2011S0503462,78.2
2005-11,Montréal CMA,2011S0503462,78.4
2005-12,Montréal CMA,2011S0503462,78.4
2006-01,Montréal CMA,2011S0503462,78.7
2006-02,Montréal CMA,2011S0503462,79.2
2006-03,Montréal CMA,2011S0503462,79.3
2006-04,Montréal CMA,2011S0503462,80.1
2006-05,Montréal CMA,2011S0503462,80.4
2006-06,Montréal CMA,2011S0503462,80.6
2006-07,Montréal CMA,2011S0503462,80.6
2006-08,Montréal CMA,2011S0503462,81
2006-09,Montréal CMA,2011S0503462,81.2
2006-10,Montréal CMA,2011S0503462,81.4
2006-11,Montréal CMA,2011S0503462,81.9
2006-12,Montréal CMA,2011S0503462,81.9
2007-01,Montréal CMA,2011S0503462,82.3
2007-02,Montréal CMA,2011S0503462,83.1
2007-03,Montréal CMA,2011S0503462,83.2
2007-04,Montréal CMA,2011S0503462,83.2
2007-05,Montréal CMA,2011S0503462,83.6
2007-06,Montréal CMA,2011S0503462,83.7
2007-07,Montréal CMA,2011S0503462,83.7
2007-08,Montréal CMA,2011S0503462,84.6
2007-09,Montréal CMA,2011S0503462,84.8
2007-10,Montréal CMA,2011S0503462,84.9
2007-11,Montréal CMA,2011S0503462,85.3
2007-12,Montréal CMA,2011S0503462,85.3
2008-01,Montréal CMA,2011S0503462,86
2008-02,Montréal CMA,2011S0503462,86.9
2008-03,Montréal CMA,2011S0503462,86.9
2008-04,Montréal CMA,2011S0503462,86.8
2008-05,Montréal CMA,2011S0503462,88.3
2008-06,Montréal CMA,2011S0503462,88.4
2008-07,Montréal CMA,2011S0503462,88.5
2008-08,Montréal CMA,2011S0503462,89
2008-09,Montréal CMA,2011S0503462,88.9
2008-10,Montréal CMA,2011S0503462,89
2008-11,Montréal CMA,2011S0503462,89.2
2008-12,Montréal CMA,2011S0503462,89.2
2009-01,Montréal CMA,2011S0503462,89.3
2009-02,Montréal CMA,2011S0503462,89.6
2009-03,Montréal CMA,2011S0503462,89.9
2009-04,Montréal CMA,2011S0503462,89.9
2009-05,Montréal CMA,2011S0503462,90
2009-06,Montréal CMA,2011S0503462,90.1
2009-07,Montréal CMA,2011S0503462,90.1
2009-08,Montréal CMA,2011S0503462,90.1
2009-09,Montréal CMA,2011S0503462,90.3
2009-10,Montréal CMA,2011S0503462,90.6
2009-11,Montréal CMA,2011S0503462,90.9
2009-12,Montréal CMA,2011S0503462,91.1
2010-01,Montréal CMA,2011S0503462,91.1
2010-02,Montréal CMA,2011S0503462,91.4
2010-03,Montréal CMA,2011S0503462,92.3
2010-04,Montréal CMA,2011S0503462,92.3
2010-05,Montréal CMA,2011S0503462,92.5
2010-06,Montréal CMA,2011S0503462,92.7
2010-07,Montréal CMA,2011S0503462,92.7
2010-08,Montréal CMA,2011S0503462,92.8
2010-09,Montréal CMA,2011S0503462,94.3
2010-10,Montréal CMA,2011S0503462,94.5
2010-11,Montréal CMA,2011S0503462,94.6
2010-12,Montréal CMA,2011S0503462,94.3
2011-01,Montréal CMA,2011S0503462,94.7
2011-02,Montréal CMA,2011S0503462,95
2011-03,Montréal CMA,2011S0503462,95.1
2011-04,Montréal CMA,2011S0503462,95.4
2011-05,Montréal CMA,2011S0503462,95.9
2011-06,Montréal CMA,2011S0503462,95.8
2011-07,Montréal CMA,2011S0503462,95.7
2011-08,Montréal CMA,2011S0503462,95.9
2011-09,Montréal CMA,2011S0503462,95.9
2011-10,Montréal CMA,2011S0503462,95.9
2011-11,Montréal CMA,2011S0503462,96.3
2011-12,Montréal CMA,2011S0503462,96.5
2012-01,Montréal CMA,2011S0503462,96.5
2012-02,Montréal CMA,2011S0503462,96.6
2012-03,Montréal CMA,2011S0503462,96.7
2012-04,Montréal CMA,2011S0503462,96.7
2012-05,Montréal CMA,2011S0503462,96.8
2012-06,Montréal CMA,2011S0503462,96.9
2012-07,Montréal CMA,2011S0503462,97
2012-08,Montréal CMA,2011S0503462,97
2012-09,Montréal CMA,2011S0503462,97
2012-10,Montréal CMA,2011S0503462,97.4
2012-11,Montréal CMA,2011S0503462,97.6
2012-12,Montréal CMA,2011S0503462,97.6
2013-01,Montréal CMA,2011S0503462,97.6
2013-02,Montréal CMA,2011S0503462,97.7
2013-03,Montréal CMA,2011S0503462,97.7
2013-04,Montréal CMA,2011S0503462,97.6
2013-05,Montréal CMA,2011S0503462,97.9
2013-06,Montréal CMA,2011S0503462,98
2013-07,Montréal CMA,2011S0503462,97.9
2013-08,Montréal CMA,2011S0503462,98.1
2013-09,Montréal CMA,2011S0503462,98.1
2013-10,Montréal CMA,2011S0503462,98.1
2013-11,Montréal CMA,2011S0503462,98.2
2013-12,Montréal CMA,2011S0503462,98.2
2014-01,Montréal CMA,2011S0503462,98.3
2014-02,Montréal CMA,2011S0503462,98.3
2014-03,Montréal CMA,2011S0503462,98.3
2014-04,Montréal CMA,2011S0503462,98.4
2014-05,Montréal CMA,2011S0503462,98.5
2014-06,Montréal CMA,2011S0503462,98.3
2014-07,Montréal CMA,2011S0503462,98.4
2014-08,Montréal CMA,2011S0503462,98.4
2014-09,Montréal CMA,2011S0503462,98.2
2014-10,Montréal CMA,2011S0503462,98.2
2014-11,Montréal CMA,2011S0503462,98.2
2014-12,Montréal CMA,2011S0503462,98.1
2015-01,Montréal CMA,2011S0503462,98.2
2015-02,Montréal CMA,2011S0503462,98.5
2015-03,Montréal CMA,2011S0503462,98.5
2015-04,Montréal CMA,2011S0503462,98.4
2015-05,Montréal CMA,2011S0503462,98.3
2015-06,Montréal CMA,2011S0503462,98.3
2015-07,Montréal CMA,2011S0503462,98.5
2015-08,Montréal CMA,2011S0503462,98.6
2015-09,Montréal CMA,2011S0503462,98.8
2015-10,Montréal CMA,2011S0503462,98.8
2015-11,Montréal CMA,2011S0503462,99.3
2015-12,Montréal CMA,2011S0503462,99.2
2016-01,Montréal CMA,2011S0503462,99.2
2016-02,Montréal CMA,2011S0503462,99.4
2016-03,Montréal CMA,2011S0503462,99.4
2016-04,Montréal CMA,2011S0503462,99.5
2016-05,Montréal CMA,2011S0503462,99.5
2016-06,Montréal CMA,2011S0503462,99.5
2016-07,Montréal CMA,2011S0503462,99.5
2016-08,Montréal CMA,2011S0503462,99.5
2016-09,Montréal CMA,2011S0503462,100
2016-10,Montréal CMA,2011S0503462,100
2016-11,Montréal CMA,2011S0503462,99.9
2016-12,Montréal CMA,2011S0503462,100
2017-01,Montréal CMA,2011S0503462,100.2
2017-02,Montréal CMA,2011S0503462,100.4
2017-03,Montréal CMA,2011S0503462,100.4
2017-04,Montréal CMA,2011S0503462,100.5
2017-05,Montréal CMA,2011S0503462,100.6
2017-06,Montréal CMA,2011S0503462,100.6
2017-07,Montréal CMA,2011S0503462,100.9
2017-08,Montréal CMA,2011S0503462,100.9
2017-09,Montréal CMA,2011S0503462,101.1
2017-10,Montréal CMA,2011S0503462,101.3
2017-11,Montréal CMA,2011S0503462,101.3
2017-12,Montréal CMA,2011S0503462,101.3
2018-01,Montréal CMA,2011S0503462,101.8
2018-02,Montréal CMA,2011S0503462,102.4
2018-03,Montréal CMA,2011S0503462,102.4
2018-04,Montréal CMA,2011S0503462,102.4
2018-05,Montréal CMA,2011S0503462,102.5
2018-06,Montréal CMA,2011S0503462,103.5
2018-07,Montréal CMA,2011S0503462,103.6
2018-08,Montréal CMA,2011S0503462,104
2018-09,Montréal CMA,2011S0503462,104.1
2018-10,Montréal CMA,2011S0503462,104.3
2018-11,Montréal CMA,2011S0503462,104.7
2018-12,Montréal CMA,2011S0503462,104.7
2019-01,Montréal CMA,2011S0503462,104.8
2019-02,Montréal CMA,2011S0503462,104.9
2019-03,Montréal CMA,2011S0503462,104.9
2019-04,Montréal CMA,2011S0503462,105
2019-05,Montréal CMA,2011S0503462,105.3
2019-06,Montréal CMA,2011S0503462,105.6
2019-07,Montréal CMA,2011S0503462,107.3
2019-08,Montréal CMA,2011S0503462,108.5
2019-09,Montréal CMA,2011S0503462,109.2
2019-10,Montréal CMA,2011S0503462,110.1
2019-11,Montréal CMA,2011S0503462,111.3
2019-12,Montréal CMA,2011S0503462,111.6
2020-01,Montréal CMA,2011S0503462,111.9
2020-02,Montréal CMA,2011S0503462,112.8
2020-03,Montréal CMA,2011S0503462,113.6
2020-04,Montréal CMA,2011S0503462,113.8
2020-05,Montréal CMA,2011S0503462,113.8
2020-06,Montréal CMA,2011S0503462,114.2
2020-07,Montréal CMA,2011S0503462,114.8
2020-08,Montréal CMA,2011S0503462,115.5
2020-09,Montréal CMA,2011S0503462,116.5
2020-10,Montréal CMA,2011S0503462,119.7
2020-11,Montréal CMA,2011S0503462,121.3
2020-12,Montréal CMA,2011S0503462,122
2021-01,Montréal CMA,2011S0503462,122.1
2021-02,Montréal CMA,2011S0503462,123
2021-03,Montréal CMA,2011S0503462,124.7
2021-04,Montréal CMA,2011S0503462,133.9
2021-05,Montréal CMA,2011S0503462,135.8
2021-06,Montréal CMA,2011S0503462,136.9
2021-07,Montréal CMA,2011S0503462,137.8
2021-08,Montréal CMA,2011S0503462,139.6
2021-09,Montréal CMA,2011S0503462,142
2021-10,Montréal CMA,2011S0503462,142.3
2021-11,Montréal CMA,2011S0503462,143.8
2021-12,Montréal CMA,2011S0503462,144.4
2022-01,Montréal CMA,2011S0503462,144.4
2022-02,Montréal CMA,2011S0503462,146.3
2022-03,Montréal CMA,2011S0503462,151
2022-04,Montréal CMA,2011S0503462,150.4
2022-05,Montréal CMA,2011S0503462,151.9
2022-06,Montréal CMA,2011S0503462,151.7
2022-07,Montréal CMA,2011S0503462,151.5
2022-08,Montréal CMA,2011S0503462,151.5
2022-09,Montréal CMA,2011S0503462,151.4
2022-10,Montréal CMA,2011S0503462,152
2022-11,Montréal CMA,2011S0503462,151.3
2022-12,Montréal CMA,2011S0503462,151.7
2023-01,Montréal CMA,2011S0503462,151.7
2023-02,Montréal CMA,2011S0503462,151.7
2023-03,Montréal CMA,2011S0503462,151.7
2023-04,Montréal CMA,2011S0503462,152.5
2023-05,Montréal CMA,2011S0503462,152.5
2023-06,Montréal CMA,2011S0503462,151.9
2023-07,Montréal CMA,2011S0503462,151.9
2023-08,Montréal CMA,2011S0503462,151.9
2023-09,Montréal CMA,2011S0503462,150.9
2023-10,Montréal CMA,2011S0503462,151
2023-11,Montréal CMA,2011S0503462,151
2023-12,Montréal CMA,2011S0503462,151
2024-01,Montréal CMA,2011S0503462,150.6
2024-02,Montréal CMA,2011S0503462,151.2
2024-03,Montréal CMA,2011S0503462,151.8
2024-04,Montréal CMA,2011S0503462,151.7
2024-05,Montréal CMA,2011S0503462,152.2
2024-06,Montréal CMA,2011S0503462,151.6
2024-07,Montréal CMA,2011S0503462,152
2024-08,Montréal CMA,2011S0503462,151.9
2024-09,Montréal CMA,2011S0503462,152.5
2024-10,Montréal CMA,2011S0503462,152.6
2024-11,Montréal CMA,2011S0503462,153
2024-12,Montréal CMA,2011S0503462,153.2
2025-01,Montréal CMA,2011S0503462,153.3
2025-02,Montréal CMA,2011S0503462,153.3
2025-03,Montréal CMA,2011S0503462,153.9
2025-04,Montréal CMA,2011S0503462,154.1
2025-05,Montréal CMA,2011S0503462,154
2025-06,Montréal CMA,2011S0503462,153.9
2025-07,Montréal CMA,2011S0503462,154.2
2025-08,Montréal CMA,2011S0503462,155
2025-09,Montréal CMA,2011S0503462,157.6
2025-10,Montréal CMA,2011S0503462,158
2025-11,Montréal CMA,2011S0503462,158.2
2025-12,Montréal CMA,2011S0503462,158.4
2026-01,Montréal CMA,2011S0503462,158.8
2026-02,Montréal CMA,2011S0503462,158.8
2026-03,Montréal CMA,2011S0503462,159
2026-04,Montréal CMA,2011S0503462,159.4
2005-01,Ottawa-Gatineau CMA,2011S050335505,81.7
2005-02,Ottawa-Gatineau CMA,2011S050335505,81.8
2005-03,Ottawa-Gatineau CMA,2011S050335505,82
2005-04,Ottawa-Gatineau CMA,2011S050335505,82
2005-05,Ottawa-Gatineau CMA,2011S050335505,82.4
2005-06,Ottawa-Gatineau CMA,2011S050335505,82.6
2005-07,Ottawa-Gatineau CMA,2011S050335505,83.4
2005-08,Ottawa-Gatineau CMA,2011S050335505,83.4
2005-09,Ottawa-Gatineau CMA,2011S050335505,83.7
2005-10,Ottawa-Gatineau CMA,2011S050335505,84.4
2005-11,Ottawa-Gatineau CMA,2011S050335505,84
2005-12,Ottawa-Gatineau CMA,2011S050335505,84
2006-01,Ottawa-Gatineau CMA,2011S050335505,84.2
2006-02,Ottawa-Gatineau CMA,2011S050335505,84.3
2006-03,Ottawa-Gatineau CMA,2011S050335505,84.3
2006-04,Ottawa-Gatineau CMA,2011S050335505,84.6
2006-05,Ottawa-Gatineau CMA,2011S050335505,85.1
2006-06,Ottawa-Gatineau CMA,2011S050335505,85.1
2006-07,Ottawa-Gatineau CMA,2011S050335505,85.8
2006-08,Ottawa-Gatineau CMA,2011S050335505,86.3
2006-09,Ottawa-Gatineau CMA,2011S050335505,86.4
2006-10,Ottawa-Gatineau CMA,2011S050335505,86.5
2006-11,Ottawa-Gatineau CMA,2011S050335505,86.8
2006-12,Ottawa-Gatineau CMA,2011S050335505,86.8
2007-01,Ottawa-Gatineau CMA,2011S050335505,86.6
2007-02,Ottawa-Gatineau CMA,2011S050335505,86.6
2007-03,Ottawa-Gatineau CMA,2011S050335505,86.8
2007-04,Ottawa-Gatineau CMA,2011S050335505,86.8
2007-05,Ottawa-Gatineau CMA,2011S050335505,86.9
2007-06,Ottawa-Gatineau CMA,2011S050335505,87
2007-07,Ottawa-Gatineau CMA,2011S050335505,87
2007-08,Ottawa-Gatineau CMA,2011S050335505,87.2
2007-09,Ottawa-Gatineau CMA,2011S050335505,87.3
2007-10,Ottawa-Gatineau CMA,2011S050335505,87.3
2007-11,Ottawa-Gatineau CMA,2011S050335505,87.3
2007-12,Ottawa-Gatineau CMA,2011S050335505,87.3
2008-01,Ottawa-Gatineau CMA,2011S050335505,88.4
2008-02,Ottawa-Gatineau CMA,2011S050335505,89.5
2008-03,Ottawa-Gatineau CMA,2011S050335505,89.5
2008-04,Ottawa-Gatineau CMA,2011S050335505,89.5
2008-05,Ottawa-Gatineau CMA,2011S050335505,90
2008-06,Ottawa-Gatineau CMA,2011S050335505,90.8
2008-07,Ottawa-Gatineau CMA,2011S050335505,90.8
2008-08,Ottawa-Gatineau CMA,2011S050335505,90.8
2008-09,Ottawa-Gatineau CMA,2011S050335505,91
2008-10,Ottawa-Gatineau CMA,2011S050335505,91.1
2008-11,Ottawa-Gatineau CMA,2011S050335505,91.1
2008-12,Ottawa-Gatineau CMA,2011S050335505,91.3
2009-01,Ottawa-Gatineau CMA,2011S050335505,91.3
2009-02,Ottawa-Gatineau CMA,2011S050335505,91.3
2009-03,Ottawa-Gatineau CMA,2011S050335505,91.3
2009-04,Ottawa-Gatineau CMA,2011S050335505,91.3
2009-05,Ottawa-Gatineau CMA,2011S050335505,91.3
2009-06,Ottawa-Gatineau CMA,2011S050335505,91.3
2009-07,Ottawa-Gatineau CMA,2011S050335505,91.3
2009-08,Ottawa-Gatineau CMA,2011S050335505,91.3
2009-09,Ottawa-Gatineau CMA,2011S050335505,92.2
2009-10,Ottawa-Gatineau CMA,2011S050335505,92.2
2009-11,Ottawa-Gatineau CMA,2011S050335505,92.2
2009-12,Ottawa-Gatineau CMA,2011S050335505,93
2010-01,Ottawa-Gatineau CMA,2011S050335505,93.3
2010-02,Ottawa-Gatineau CMA,2011S050335505,94
2010-03,Ottawa-Gatineau CMA,2011S050335505,94.3
2010-04,Ottawa-Gatineau CMA,2011S050335505,94.9
2010-05,Ottawa-Gatineau CMA,2011S050335505,95.1
2010-06,Ottawa-Gatineau CMA,2011S050335505,95.6
2010-07,Ottawa-Gatineau CMA,2011S050335505,95.6
2010-08,Ottawa-Gatineau CMA,2011S050335505,95.5
2010-09,Ottawa-Gatineau CMA,2011S050335505,95.5
2010-10,Ottawa-Gatineau CMA,2011S050335505,95.6
2010-11,Ottawa-Gatineau CMA,2011S050335505,97.2
2010-12,Ottawa-Gatineau CMA,2011S050335505,97.2
2011-01,Ottawa-Gatineau CMA,2011S050335505,97.2
2011-02,Ottawa-Gatineau CMA,2011S050335505,97
2011-03,Ottawa-Gatineau CMA,2011S050335505,97.1
2011-04,Ottawa-Gatineau CMA,2011S050335505,98.5
2011-05,Ottawa-Gatineau CMA,2011S050335505,97.7
2011-06,Ottawa-Gatineau CMA,2011S050335505,98
2011-07,Ottawa-Gatineau CMA,2011S050335505,98.1
2011-08,Ottawa-Gatineau CMA,2011S050335505,98.6
2011-09,Ottawa-Gatineau CMA,2011S050335505,98.8
2011-10,Ottawa-Gatineau CMA,2011S050335505,98.9
2011-11,Ottawa-Gatineau CMA,2011S050335505,98.9
2011-12,Ottawa-Gatineau CMA,2011S050335505,99
2012-01,Ottawa-Gatineau CMA,2011S050335505,99.3
2012-02,Ottawa-Gatineau CMA,2011S050335505,99.6
2012-03,Ottawa-Gatineau CMA,2011S050335505,100.1
2012-04,Ottawa-Gatineau CMA,2011S050335505,100.1
2012-05,Ottawa-Gatineau CMA,2011S050335505,100.4
2012-06,Ottawa-Gatineau CMA,2011S050335505,100.9
2012-07,Ottawa-Gatineau CMA,2011S050335505,101
2012-08,Ottawa-Gatineau CMA,2011S050335505,101.2
2012-09,Ottawa-Gatineau CMA,2011S050335505,101.1
2012-10,Ottawa-Gatineau CMA,2011S050335505,101.3
2012-11,Ottawa-Gatineau CMA,2011S050335505,101.7
2012-12,Ottawa-Gatineau CMA,2011S050335505,101.7
2013-01,Ottawa-Gatineau CMA,2011S050335505,101.5
2013-02,Ottawa-Gatineau CMA,2011S050335505,101.3
2013-03,Ottawa-Gatineau CMA,2011S050335505,101.4
2013-04,Ottawa-Gatineau CMA,2011S050335505,101.5
2013-05,Ottawa-Gatineau CMA,2011S050335505,101.2
2013-06,Ottawa-Gatineau CMA,2011S050335505,101.3
2013-07,Ottawa-Gatineau CMA,2011S050335505,101.1
2013-08,Ottawa-Gatineau CMA,2011S050335505,101
2013-09,Ottawa-Gatineau CMA,2011S050335505,100.8
2013-10,Ottawa-Gatineau CMA,2011S050335505,100.8
2013-11,Ottawa-Gatineau CMA,2011S050335505,100.4
2013-12,Ottawa-Gatineau CMA,2011S050335505,100.5
2014-01,Ottawa-Gatineau CMA,2011S050335505,100.4
2014-02,Ottawa-Gatineau CMA,2011S050335505,100.4
2014-03,Ottawa-Gatineau CMA,2011S050335505,100.3
2014-04,Ottawa-Gatineau CMA,2011S050335505,100.1
2014-05,Ottawa-Gatineau CMA,2011S050335505,100
2014-06,Ottawa-Gatineau CMA,2011S050335505,99.9
2014-07,Ottawa-Gatineau CMA,2011S050335505,99.8
2014-08,Ottawa-Gatineau CMA,2011S050335505,99.8
2014-09,Ottawa-Gatineau CMA,2011S050335505,99.8
2014-10,Ottawa-Gatineau CMA,2011S050335505,99.6
2014-11,Ottawa-Gatineau CMA,2011S050335505,99.5
2014-12,Ottawa-Gatineau CMA,2011S050335505,99.3
2015-01,Ottawa-Gatineau CMA,2011S050335505,99
2015-02,Ottawa-Gatineau CMA,2011S050335505,99.1
2015-03,Ottawa-Gatineau CMA,2011S050335505,98.9
2015-04,Ottawa-Gatineau CMA,2011S050335505,98.9
2015-05,Ottawa-Gatineau CMA,2011S050335505,98.9
2015-06,Ottawa-Gatineau CMA,2011S050335505,98.8
2015-07,Ottawa-Gatineau CMA,2011S050335505,98.8
2015-08,Ottawa-Gatineau CMA,2011S050335505,98.8
2015-09,Ottawa-Gatineau CMA,2011S050335505,99.1
2015-10,Ottawa-Gatineau CMA,2011S050335505,99.1
2015-11,Ottawa-Gatineau CMA,2011S050335505,98.9
2015-12,Ottawa-Gatineau CMA,2011S050335505,99
2016-01,Ottawa-Gatineau CMA,2011S050335505,99
2016-02,Ottawa-Gatineau CMA,2011S050335505,99
2016-03,Ottawa-Gatineau CMA,2011S050335505,98.8
2016-04,Ottawa-Gatineau CMA,2011S050335505,98.8
2016-05,Ottawa-Gatineau CMA,2011S050335505,99
2016-06,Ottawa-Gatineau CMA,2011S050335505,99.2
2016-07,Ottawa-Gatineau CMA,2011S050335505,99.2
2016-08,Ottawa-Gatineau CMA,2011S050335505,99.2
2016-09,Ottawa-Gatineau CMA,2011S050335505,99.3
2016-10,Ottawa-Gatineau CMA,2011S050335505,99.5
2016-11,Ottawa-Gatineau CMA,2011S050335505,99.7
2016-12,Ottawa-Gatineau CMA,2011S050335505,100
2017-01,Ottawa-Gatineau CMA,2011S050335505,100.1
2017-02,Ottawa-Gatineau CMA,2011S050335505,100.2
2017-03,Ottawa-Gatineau CMA,2011S050335505,100.8
2017-04,Ottawa-Gatineau CMA,2011S050335505,101.1
2017-05,Ottawa-Gatineau CMA,2011S050335505,101.5
2017-06,Ottawa-Gatineau CMA,2011S050335505,102.4
2017-07,Ottawa-Gatineau CMA,2011S050335505,102.7
2017-08,Ottawa-Gatineau CMA,2011S050335505,103.1
2017-09,Ottawa-Gatineau CMA,2011S050335505,103.1
2017-10,Ottawa-Gatineau CMA,2011S050335505,104.1
2017-11,Ottawa-Gatineau CMA,2011S050335505,104.6
2017-12,Ottawa-Gatineau CMA,2011S050335505,104.7
2018-01,Ottawa-Gatineau CMA,2011S050335505,104.8
2018-02,Ottawa-Gatineau CMA,2011S050335505,105.2
2018-03,Ottawa-Gatineau CMA,2011S050335505,106.6
2018-04,Ottawa-Gatineau CMA,2011S050335505,106.7
2018-05,Ottawa-Gatineau CMA,2011S050335505,106.8
2018-06,Ottawa-Gatineau CMA,2011S050335505,107.5
2018-07,Ottawa-Gatineau CMA,2011S050335505,107.6
2018-08,Ottawa-Gatineau CMA,2011S050335505,108.2
2018-09,Ottawa-Gatineau CMA,2011S050335505,108.4
2018-10,Ottawa-Gatineau CMA,2011S050335505,109
2018-11,Ottawa-Gatineau CMA,2011S050335505,109.7
2018-12,Ottawa-Gatineau CMA,2011S050335505,110.1
2019-01,Ottawa-Gatineau CMA,2011S050335505,110.3
2019-02,Ottawa-Gatineau CMA,2011S050335505,110.4
2019-03,Ottawa-Gatineau CMA,2011S050335505,110.5
2019-04,Ottawa-Gatineau CMA,2011S050335505,111.1
2019-05,Ottawa-Gatineau CMA,2011S050335505,111.8
2019-06,Ottawa-Gatineau CMA,2011S050335505,112.5
2019-07,Ottawa-Gatineau CMA,2011S050335505,113.5
2019-08,Ottawa-Gatineau CMA,2011S050335505,114.1
2019-09,Ottawa-Gatineau CMA,2011S050335505,115.2
2019-10,Ottawa-Gatineau CMA,2011S050335505,116.2
2019-11,Ottawa-Gatineau CMA,2011S050335505,117.3
2019-12,Ottawa-Gatineau CMA,2011S050335505,118
2020-01,Ottawa-Gatineau CMA,2011S050335505,119.6
2020-02,Ottawa-Gatineau CMA,2011S050335505,120.9
2020-03,Ottawa-Gatineau CMA,2011S050335505,122.3
2020-04,Ottawa-Gatineau CMA,2011S050335505,122.8
2020-05,Ottawa-Gatineau CMA,2011S050335505,124
2020-06,Ottawa-Gatineau CMA,2011S050335505,124.2
2020-07,Ottawa-Gatineau CMA,2011S050335505,125.9
2020-08,Ottawa-Gatineau CMA,2011S050335505,127.3
2020-09,Ottawa-Gatineau CMA,2011S050335505,130.1
2020-10,Ottawa-Gatineau CMA,2011S050335505,131.3
2020-11,Ottawa-Gatineau CMA,2011S050335505,134.1
2020-12,Ottawa-Gatineau CMA,2011S050335505,135.6
2021-01,Ottawa-Gatineau CMA,2011S050335505,137.9
2021-02,Ottawa-Gatineau CMA,2011S050335505,139
2021-03,Ottawa-Gatineau CMA,2011S050335505,143.5
2021-04,Ottawa-Gatineau CMA,2011S050335505,151.9
2021-05,Ottawa-Gatineau CMA,2011S050335505,154.8
2021-06,Ottawa-Gatineau CMA,2011S050335505,156.8
2021-07,Ottawa-Gatineau CMA,2011S050335505,157.7
2021-08,Ottawa-Gatineau CMA,2011S050335505,162.3
2021-09,Ottawa-Gatineau CMA,2011S050335505,163
2021-10,Ottawa-Gatineau CMA,2011S050335505,163.8
2021-11,Ottawa-Gatineau CMA,2011S050335505,164.1
2021-12,Ottawa-Gatineau CMA,2011S050335505,164.3
2022-01,Ottawa-Gatineau CMA,2011S050335505,166.4
2022-02,Ottawa-Gatineau CMA,2011S050335505,167.1
2022-03,Ottawa-Gatineau CMA,2011S050335505,169.2
2022-04,Ottawa-Gatineau CMA,2011S050335505,171.8
2022-05,Ottawa-Gatineau CMA,2011S050335505,173.6
2022-06,Ottawa-Gatineau CMA,2011S050335505,174.8
2022-07,Ottawa-Gatineau CMA,2011S050335505,175.8
2022-08,Ottawa-Gatineau CMA,2011S050335505,175.7
2022-09,Ottawa-Gatineau CMA,2011S050335505,175.7
2022-10,Ottawa-Gatineau CMA,2011S050335505,175.9
2022-11,Ottawa-Gatineau CMA,2011S050335505,175.1
2022-12,Ottawa-Gatineau CMA,2011S050335505,175.1
2023-01,Ottawa-Gatineau CMA,2011S050335505,174.8
2023-02,Ottawa-Gatineau CMA,2011S050335505,174.7
2023-03,Ottawa-Gatineau CMA,2011S050335505,173.4
2023-04,Ottawa-Gatineau CMA,2011S050335505,172.3
2023-05,Ottawa-Gatineau CMA,2011S050335505,172.2
2023-06,Ottawa-Gatineau CMA,2011S050335505,171.9
2023-07,Ottawa-Gatineau CMA,2011S050335505,171.1
2023-08,Ottawa-Gatineau CMA,2011S050335505,168.9
2023-09,Ottawa-Gatineau CMA,2011S050335505,168.2
2023-10,Ottawa-Gatineau CMA,2011S050335505,168.1
2023-11,Ottawa-Gatineau CMA,2011S050335505,166.9
2023-12,Ottawa-Gatineau CMA,2011S050335505,166.7
2024-01,Ottawa-Gatineau CMA,2011S050335505,166.1
2024-02,Ottawa-Gatineau CMA,2011S050335505,166.4
2024-03,Ottawa-Gatineau CMA,2011S050335505,164.9
2024-04,Ottawa-Gatineau CMA,2011S050335505,164.8
2024-05,Ottawa-Gatineau CMA,2011S050335505,164.9
2024-06,Ottawa-Gatineau CMA,2011S050335505,164.4
2024-07,Ottawa-Gatineau CMA,2011S050335505,164
2024-08,Ottawa-Gatineau CMA,2011S050335505,164.2
2024-09,Ottawa-Gatineau CMA,2011S050335505,163.8
2024-10,Ottawa-Gatineau CMA,2011S050335505,163.4
2024-11,Ottawa-Gatineau CMA,2011S050335505,164
2024-12,Ottawa-Gatineau CMA,2011S050335505,164.4
2025-01,Ottawa-Gatineau CMA,2011S050335505,163.6
2025-02,Ottawa-Gatineau CMA,2011S050335505,163.9
2025-03,Ottawa-Gatineau CMA,2011S050335505,163.9
2025-04,Ottawa-Gatineau CMA,2011S050335505,162.7
2025-05,Ottawa-Gatineau CMA,2011S050335505,162.7
2025-06,Ottawa-Gatineau CMA,2011S050335505,162.6
2025-07,Ottawa-Gatineau CMA,2011S050335505,162.3
2025-08,Ottawa-Gatineau CMA,2011S050335505,161.8
2025-09,Ottawa-Gatineau CMA,2011S050335505,160.7
2025-10,Ottawa-Gatineau CMA,2011S050335505,160.7
2025-11,Ottawa-Gatineau CMA,2011S050335505,160.7
2025-12,Ottawa-Gatineau CMA,2011S050335505,160.4
2026-01,Ottawa-Gatineau CMA,2011S050335505,161
2026-02,Ottawa-Gatineau CMA,2011S050335505,160.9
2026-03,Ottawa-Gatineau CMA,2011S050335505,160.7
2026-04,Ottawa-Gatineau CMA,2011S050335505,162.2
2005-01,Toronto CMA,2011S0503535,66.1
2005-02,Toronto CMA,2011S0503535,66.2
2005-03,Toronto CMA,2011S0503535,66.6
2005-04,Toronto CMA,2011S0503535,66.9
2005-05,Toronto CMA,2011S0503535,67.2
2005-06,Toronto CMA,2011S0503535,68
2005-07,Toronto CMA,2011S0503535,68
2005-08,Toronto CMA,2011S0503535,68.2
2005-09,Toronto CMA,2011S0503535,68.4
2005-10,Toronto CMA,2011S0503535,68.7
2005-11,Toronto CMA,2011S0503535,68.7
2005-12,Toronto CMA,2011S0503535,68.7
2006-01,Toronto CMA,2011S0503535,69.1
2006-02,Toronto CMA,2011S0503535,69.3
2006-03,Toronto CMA,2011S0503535,69.5
2006-04,Toronto CMA,2011S0503535,69.7
2006-05,Toronto CMA,2011S0503535,69.9
2006-06,Toronto CMA,2011S0503535,70.2
2006-07,Toronto CMA,2011S0503535,70.5
2006-08,Toronto CMA,2011S0503535,70.8
2006-09,Toronto CMA,2011S0503535,70.8
2006-10,Toronto CMA,2011S0503535,70.8
2006-11,Toronto CMA,2011S0503535,71
2006-12,Toronto CMA,2011S0503535,71.1
2007-01,Toronto CMA,2011S0503535,71.1
2007-02,Toronto CMA,2011S0503535,71.2
2007-03,Toronto CMA,2011S0503535,71.3
2007-04,Toronto CMA,2011S0503535,71.3
2007-05,Toronto CMA,2011S0503535,71.6
2007-06,Toronto CMA,2011S0503535,72
2007-07,Toronto CMA,2011S0503535,72.2
2007-08,Toronto CMA,2011S0503535,72.4
2007-09,Toronto CMA,2011S0503535,72.7
2007-10,Toronto CMA,2011S0503535,72.7
2007-11,Toronto CMA,2011S0503535,73.4
2007-12,Toronto CMA,2011S0503535,73.5
2008-01,Toronto CMA,2011S0503535,74.1
2008-02,Toronto CMA,2011S0503535,74.3
2008-03,Toronto CMA,2011S0503535,74.5
2008-04,Toronto CMA,2011S0503535,74.6
2008-05,Toronto CMA,2011S0503535,74.5
2008-06,Toronto CMA,2011S0503535,74.8
2008-07,Toronto CMA,2011S0503535,74.8
2008-08,Toronto CMA,2011S0503535,74.9
2008-09,Toronto CMA,2011S0503535,74.9
2008-10,Toronto CMA,2011S0503535,74.9
2008-11,Toronto CMA,2011S0503535,74.9
2008-12,Toronto CMA,2011S0503535,74.9
2009-01,Toronto CMA,2011S0503535,74.9
2009-02,Toronto CMA,2011S0503535,74.9
2009-03,Toronto CMA,2011S0503535,74.6
2009-04,Toronto CMA,2011S0503535,74.2
2009-05,Toronto CMA,2011S0503535,74
2009-06,Toronto CMA,2011S0503535,73.9
2009-07,Toronto CMA,2011S0503535,74
2009-08,Toronto CMA,2011S0503535,74.1
2009-09,Toronto CMA,2011S0503535,74.5
2009-10,Toronto CMA,2011S0503535,74.7
2009-11,Toronto CMA,2011S0503535,75.2
2009-12,Toronto CMA,2011S0503535,75.7
2010-01,Toronto CMA,2011S0503535,76.1
2010-02,Toronto CMA,2011S0503535,75.6
2010-03,Toronto CMA,2011S0503535,75.7
2010-04,Toronto CMA,2011S0503535,75.8
2010-05,Toronto CMA,2011S0503535,76.3
2010-06,Toronto CMA,2011S0503535,76.5
2010-07,Toronto CMA,2011S0503535,76.6
2010-08,Toronto CMA,2011S0503535,76.8
2010-09,Toronto CMA,2011S0503535,76.8
2010-10,Toronto CMA,2011S0503535,76.9
2010-11,Toronto CMA,2011S0503535,77.3
2010-12,Toronto CMA,2011S0503535,77.4
2011-01,Toronto CMA,2011S0503535,77.7
2011-02,Toronto CMA,2011S0503535,78.1
2011-03,Toronto CMA,2011S0503535,78.4
2011-04,Toronto CMA,2011S0503535,78.8
2011-05,Toronto CMA,2011S0503535,79.6
2011-06,Toronto CMA,2011S0503535,80.2
2011-07,Toronto CMA,2011S0503535,80.5
2011-08,Toronto CMA,2011S0503535,80.7
2011-09,Toronto CMA,2011S0503535,80.9
2011-10,Toronto CMA,2011S0503535,81.3
2011-11,Toronto CMA,2011S0503535,82.1
2011-12,Toronto CMA,2011S0503535,82.3
2012-01,Toronto CMA,2011S0503535,82.4
2012-02,Toronto CMA,2011S0503535,82.7
2012-03,Toronto CMA,2011S0503535,83.2
2012-04,Toronto CMA,2011S0503535,83.5
2012-05,Toronto CMA,2011S0503535,84
2012-06,Toronto CMA,2011S0503535,84.2
2012-07,Toronto CMA,2011S0503535,84.2
2012-08,Toronto CMA,2011S0503535,84.5
2012-09,Toronto CMA,2011S0503535,85
2012-10,Toronto CMA,2011S0503535,85.2
2012-11,Toronto CMA,2011S0503535,85.4
2012-12,Toronto CMA,2011S0503535,85.6
2013-01,Toronto CMA,2011S0503535,85.8
2013-02,Toronto CMA,2011S0503535,85.8
2013-03,Toronto CMA,2011S0503535,85.8
2013-04,Toronto CMA,2011S0503535,85.9
2013-05,Toronto CMA,2011S0503535,86.1
2013-06,Toronto CMA,2011S0503535,86.1
2013-07,Toronto CMA,2011S0503535,86.4
2013-08,Toronto CMA,2011S0503535,86.4
2013-09,Toronto CMA,2011S0503535,86.5
2013-10,Toronto CMA,2011S0503535,86.5
2013-11,Toronto CMA,2011S0503535,86.6
2013-12,Toronto CMA,2011S0503535,86.8
2014-01,Toronto CMA,2011S0503535,87
2014-02,Toronto CMA,2011S0503535,87.2
2014-03,Toronto CMA,2011S0503535,87.2
2014-04,Toronto CMA,2011S0503535,87.8
2014-05,Toronto CMA,2011S0503535,87.8
2014-06,Toronto CMA,2011S0503535,88.1
2014-07,Toronto CMA,2011S0503535,88
2014-08,Toronto CMA,2011S0503535,88.4
2014-09,Toronto CMA,2011S0503535,88.6
2014-10,Toronto CMA,2011S0503535,88.7
2014-11,Toronto CMA,2011S0503535,88.8
2014-12,Toronto CMA,2011S0503535,88.9
2015-01,Toronto CMA,2011S0503535,88.9
2015-02,Toronto CMA,2011S0503535,89.2
2015-03,Toronto CMA,2011S0503535,89.5
2015-04,Toronto CMA,2011S0503535,89.8
2015-05,Toronto CMA,2011S0503535,90.2
2015-06,Toronto CMA,2011S0503535,90.8
2015-07,Toronto CMA,2011S0503535,91.1
2015-08,Toronto CMA,2011S0503535,91.6
2015-09,Toronto CMA,2011S0503535,91.8
2015-10,Toronto CMA,2011S0503535,92.2
2015-11,Toronto CMA,2011S0503535,92.5
2015-12,Toronto CMA,2011S0503535,92.6
2016-01,Toronto CMA,2011S0503535,92.8
2016-02,Toronto CMA,2011S0503535,93.2
2016-03,Toronto CMA,2011S0503535,93.5
2016-04,Toronto CMA,2011S0503535,94.2
2016-05,Toronto CMA,2011S0503535,96
2016-06,Toronto CMA,2011S0503535,96.4
2016-07,Toronto CMA,2011S0503535,97.4
2016-08,Toronto CMA,2011S0503535,98
2016-09,Toronto CMA,2011S0503535,98.3
2016-10,Toronto CMA,2011S0503535,99.6
2016-11,Toronto CMA,2011S0503535,100
2016-12,Toronto CMA,2011S0503535,100
2017-01,Toronto CMA,2011S0503535,100.2
2017-02,Toronto CMA,2011S0503535,101.2
2017-03,Toronto CMA,2011S0503535,101.4
2017-04,Toronto CMA,2011S0503535,103.5
2017-05,Toronto CMA,2011S0503535,104.6
2017-06,Toronto CMA,2011S0503535,104.6
2017-07,Toronto CMA,2011S0503535,104.6
2017-08,Toronto CMA,2011S0503535,104.6
2017-09,Toronto CMA,2011S0503535,104.6
2017-10,Toronto CMA,2011S0503535,104.7
2017-11,Toronto CMA,2011S0503535,104.7
2017-12,Toronto CMA,2011S0503535,104.7
2018-01,Toronto CMA,2011S0503535,104.6
2018-02,Toronto CMA,2011S0503535,104
2018-03,Toronto CMA,2011S0503535,103.7
2018-04,Toronto CMA,2011S0503535,103.2
2018-05,Toronto CMA,2011S0503535,103.2
2018-06,Toronto CMA,2011S0503535,103.2
2018-07,Toronto CMA,2011S0503535,103.3
2018-08,Toronto CMA,2011S0503535,103.3
2018-09,Toronto CMA,2011S0503535,103.3
2018-10,Toronto CMA,2011S0503535,103.2
2018-11,Toronto CMA,2011S0503535,103.3
2018-12,Toronto CMA,2011S0503535,103.2
2019-01,Toronto CMA,2011S0503535,103
2019-02,Toronto CMA,2011S0503535,103
2019-03,Toronto CMA,2011S0503535,103
2019-04,Toronto CMA,2011S0503535,102.9
2019-05,Toronto CMA,2011S0503535,102.6
2019-06,Toronto CMA,2011S0503535,102.6
2019-07,Toronto CMA,2011S0503535,102
2019-08,Toronto CMA,2011S0503535,102
2019-09,Toronto CMA,2011S0503535,102.3
2019-10,Toronto CMA,2011S0503535,102.4
2019-11,Toronto CMA,2011S0503535,102.3
2019-12,Toronto CMA,2011S0503535,102.5
2020-01,Toronto CMA,2011S0503535,102.1
2020-02,Toronto CMA,2011S0503535,102.5
2020-03,Toronto CMA,2011S0503535,102.8
2020-04,Toronto CMA,2011S0503535,102.8
2020-05,Toronto CMA,2011S0503535,102.8
2020-06,Toronto CMA,2011S0503535,102.8
2020-07,Toronto CMA,2011S0503535,103.1
2020-08,Toronto CMA,2011S0503535,103.4
2020-09,Toronto CMA,2011S0503535,104.2
2020-10,Toronto CMA,2011S0503535,104.8
2020-11,Toronto CMA,2011S0503535,105.1
2020-12,Toronto CMA,2011S0503535,105.5
2021-01,Toronto CMA,2011S0503535,106.2
2021-02,Toronto CMA,2011S0503535,107.7
2021-03,Toronto CMA,2011S0503535,108.6
2021-04,Toronto CMA,2011S0503535,109.5
2021-05,Toronto CMA,2011S0503535,109.9
2021-06,Toronto CMA,2011S0503535,110
2021-07,Toronto CMA,2011S0503535,110.2
2021-08,Toronto CMA,2011S0503535,111.1
2021-09,Toronto CMA,2011S0503535,111.1
2021-10,Toronto CMA,2011S0503535,112.5
2021-11,Toronto CMA,2011S0503535,114.1
2021-12,Toronto CMA,2011S0503535,114.1
2022-01,Toronto CMA,2011S0503535,114.1
2022-02,Toronto CMA,2011S0503535,114.8
2022-03,Toronto CMA,2011S0503535,115.6
2022-04,Toronto CMA,2011S0503535,115.6
2022-05,Toronto CMA,2011S0503535,115.6
2022-06,Toronto CMA,2011S0503535,115.6
2022-07,Toronto CMA,2011S0503535,115.6
2022-08,Toronto CMA,2011S0503535,115.6
2022-09,Toronto CMA,2011S0503535,115.6
2022-10,Toronto CMA,2011S0503535,115.6
2022-11,Toronto CMA,2011S0503535,115.6
2022-12,Toronto CMA,2011S0503535,115.6
2023-01,Toronto CMA,2011S0503535,115.6
2023-02,Toronto CMA,2011S0503535,115.2
2023-03,Toronto CMA,2011S0503535,115.2
2023-04,Toronto CMA,2011S0503535,115.2
2023-05,Toronto CMA,2011S0503535,115.1
2023-06,Toronto CMA,2011S0503535,115.1
2023-07,Toronto CMA,2011S0503535,115.1
2023-08,Toronto CMA,2011S0503535,115
2023-09,Toronto CMA,2011S0503535,115
2023-10,Toronto CMA,2011S0503535,114.9
2023-11,Toronto CMA,2011S0503535,114.7
2023-12,Toronto CMA,2011S0503535,114.6
2024-01,Toronto CMA,2011S0503535,114.6
2024-02,Toronto CMA,2011S0503535,114.5
2024-03,Toronto CMA,2011S0503535,114.5
2024-04,Toronto CMA,2011S0503535,114.5
2024-05,Toronto CMA,2011S0503535,114.5
2024-06,Toronto CMA,2011S0503535,114.3
2024-07,Toronto CMA,2011S0503535,114.5
2024-08,Toronto CMA,2011S0503535,114.6
2024-09,Toronto CMA,2011S0503535,114.6
2024-10,Toronto CMA,2011S0503535,113.2
2024-11,Toronto CMA,2011S0503535,113.5
2024-12,Toronto CMA,2011S0503535,113.1
2025-01,Toronto CMA,2011S0503535,112.6
2025-02,Toronto CMA,2011S0503535,112.8
2025-03,Toronto CMA,2011S0503535,112.6
2025-04,Toronto CMA,2011S0503535,112.1
2025-05,Toronto CMA,2011S0503535,111.2
2025-06,Toronto CMA,2011S0503535,111
2025-07,Toronto CMA,2011S0503535,110.9
2025-08,Toronto CMA,2011S0503535,110.8
2025-09,Toronto CMA,2011S0503535,110.4
2025-10,Toronto CMA,2011S0503535,109.4
2025-11,Toronto CMA,2011S0503535,109.4
2025-12,Toronto CMA,2011S0503535,109.3
2026-01,Toronto CMA,2011S0503535,108.1
2026-02,Toronto CMA,2011S0503535,108.1
2026-03,Toronto CMA,2011S0503535,107.1
2026-04,Toronto CMA,2011S0503535,106.2
2005-01,Calgary CMA ,2011S0503825,52
2005-02,Calgary CMA ,2011S0503825,52.3
2005-03,Calgary CMA ,2011S0503825,52.4
2005-04,Calgary CMA ,2011S0503825,52.8
2005-05,Calgary CMA ,2011S0503825,53.1
2005-06,Calgary CMA ,2011S0503825,53.7
2005-07,Calgary CMA ,2011S0503825,53.7
2005-08,Calgary CMA ,2011S0503825,54
2005-09,Calgary CMA ,2011S0503825,55
2005-10,Calgary CMA ,2011S0503825,56.8
2005-11,Calgary CMA ,2011S0503825,58.8
2005-12,Calgary CMA ,2011S0503825,61.6
2006-01,Calgary CMA ,2011S0503825,62.8
2006-02,Calgary CMA ,2011S0503825,64.2
2006-03,Calgary CMA ,2011S0503825,68
2006-04,Calgary CMA ,2011S0503825,71.2
2006-05,Calgary CMA ,2011S0503825,75
2006-06,Calgary CMA ,2011S0503825,80.2
2006-07,Calgary CMA ,2011S0503825,83.8
2006-08,Calgary CMA ,2011S0503825,86.8
2006-09,Calgary CMA ,2011S0503825,87.6
2006-10,Calgary CMA ,2011S0503825,87.2
2006-11,Calgary CMA ,2011S0503825,88.2
2006-12,Calgary CMA ,2011S0503825,87.7
2007-01,Calgary CMA ,2011S0503825,88.4
2007-02,Calgary CMA ,2011S0503825,88.4
2007-03,Calgary CMA ,2011S0503825,88.9
2007-04,Calgary CMA ,2011S0503825,90.6
2007-05,Calgary CMA ,2011S0503825,91.5
2007-06,Calgary CMA ,2011S0503825,92
2007-07,Calgary CMA ,2011S0503825,92.1
2007-08,Calgary CMA ,2011S0503825,92.1
2007-09,Calgary CMA ,2011S0503825,92.8
2007-10,Calgary CMA ,2011S0503825,92.6
2007-11,Calgary CMA ,2011S0503825,92.5
2007-12,Calgary CMA ,2011S0503825,93
2008-01,Calgary CMA ,2011S0503825,93.3
2008-02,Calgary CMA ,2011S0503825,93
2008-03,Calgary CMA ,2011S0503825,93.6
2008-04,Calgary CMA ,2011S0503825,92.9
2008-05,Calgary CMA ,2011S0503825,92.1
2008-06,Calgary CMA ,2011S0503825,92
2008-07,Calgary CMA ,2011S0503825,91.8
2008-08,Calgary CMA ,2011S0503825,91.1
2008-09,Calgary CMA ,2011S0503825,91.7
2008-10,Calgary CMA ,2011S0503825,91.2
2008-11,Calgary CMA ,2011S0503825,90.2
2008-12,Calgary CMA ,2011S0503825,89.1
2009-01,Calgary CMA ,2011S0503825,87.2
2009-02,Calgary CMA ,2011S0503825,86.5
2009-03,Calgary CMA ,2011S0503825,85.5
2009-04,Calgary CMA ,2011S0503825,84.8
2009-05,Calgary CMA ,2011S0503825,84.8
2009-06,Calgary CMA ,2011S0503825,84.7
2009-07,Calgary CMA ,2011S0503825,85.1
2009-08,Calgary CMA ,2011S0503825,85.3
2009-09,Calgary CMA ,2011S0503825,85.8
2009-10,Calgary CMA ,2011S0503825,86.1
2009-11,Calgary CMA ,2011S0503825,86.4
2009-12,Calgary CMA ,2011S0503825,86.3
2010-01,Calgary CMA ,2011S0503825,86.7
2010-02,Calgary CMA ,2011S0503825,86.8
2010-03,Calgary CMA ,2011S0503825,87.2
2010-04,Calgary CMA ,2011S0503825,87.2
2010-05,Calgary CMA ,2011S0503825,87.5
2010-06,Calgary CMA ,2011S0503825,87.5
2010-07,Calgary CMA ,2011S0503825,87.4
2010-08,Calgary CMA ,2011S0503825,87.4
2010-09,Calgary CMA ,2011S0503825,87.6
2010-10,Calgary CMA ,2011S0503825,87.1
2010-11,Calgary CMA ,2011S0503825,87.1
2010-12,Calgary CMA ,2011S0503825,87.3
2011-01,Calgary CMA ,2011S0503825,87.5
2011-02,Calgary CMA ,2011S0503825,87.1
2011-03,Calgary CMA ,2011S0503825,87
2011-04,Calgary CMA ,2011S0503825,87
2011-05,Calgary CMA ,2011S0503825,87.4
2011-06,Calgary CMA ,2011S0503825,87.1
2011-07,Calgary CMA ,2011S0503825,86.7
2011-08,Calgary CMA ,2011S0503825,86.8
2011-09,Calgary CMA ,2011S0503825,87.2
2011-10,Calgary CMA ,2011S0503825,87.3
2011-11,Calgary CMA ,2011S0503825,87
2011-12,Calgary CMA ,2011S0503825,87.1
2012-01,Calgary CMA ,2011S0503825,87.4
2012-02,Calgary CMA ,2011S0503825,87.5
2012-03,Calgary CMA ,2011S0503825,87.8
2012-04,Calgary CMA ,2011S0503825,87.9
2012-05,Calgary CMA ,2011S0503825,88.1
2012-06,Calgary CMA ,2011S0503825,88.6
2012-07,Calgary CMA ,2011S0503825,88.7
2012-08,Calgary CMA ,2011S0503825,89
2012-09,Calgary CMA ,2011S0503825,89.1
2012-10,Calgary CMA ,2011S0503825,89.4
2012-11,Calgary CMA ,2011S0503825,89.4
2012-12,Calgary CMA ,2011S0503825,89.8
2013-01,Calgary CMA ,2011S0503825,90.3
2013-02,Calgary CMA ,2011S0503825,91.2
2013-03,Calgary CMA ,2011S0503825,91.6
2013-04,Calgary CMA ,2011S0503825,92
2013-05,Calgary CMA ,2011S0503825,92.8
2013-06,Calgary CMA ,2011S0503825,93.3
2013-07,Calgary CMA ,2011S0503825,93.8
2013-08,Calgary CMA ,2011S0503825,94.4
2013-09,Calgary CMA ,2011S0503825,94.8
2013-10,Calgary CMA ,2011S0503825,94.9
2013-11,Calgary CMA ,2011S0503825,95.2
2013-12,Calgary CMA ,2011S0503825,95.4
2014-01,Calgary CMA ,2011S0503825,96.6
2014-02,Calgary CMA ,2011S0503825,97.5
2014-03,Calgary CMA ,2011S0503825,98.4
2014-04,Calgary CMA ,2011S0503825,99
2014-05,Calgary CMA ,2011S0503825,99.8
2014-06,Calgary CMA ,2011S0503825,100.1
2014-07,Calgary CMA ,2011S0503825,100.3
2014-08,Calgary CMA ,2011S0503825,100.8
2014-09,Calgary CMA ,2011S0503825,101
2014-10,Calgary CMA ,2011S0503825,101.2
2014-11,Calgary CMA ,2011S0503825,101.5
2014-12,Calgary CMA ,2011S0503825,101.6
2015-01,Calgary CMA ,2011S0503825,101.6
2015-02,Calgary CMA ,2011S0503825,101.6
2015-03,Calgary CMA ,2011S0503825,101.1
2015-04,Calgary CMA ,2011S0503825,100.8
2015-05,Calgary CMA ,2011S0503825,100.8
2015-06,Calgary CMA ,2011S0503825,100.8
2015-07,Calgary CMA ,2011S0503825,100.6
2015-08,Calgary CMA ,2011S0503825,100.6
2015-09,Calgary CMA ,2011S0503825,100.6
2015-10,Calgary CMA ,2011S0503825,100.6
2015-11,Calgary CMA ,2011S0503825,100.7
2015-12,Calgary CMA ,2011S0503825,100.7
2016-01,Calgary CMA ,2011S0503825,100.7
2016-02,Calgary CMA ,2011S0503825,100.2
2016-03,Calgary CMA ,2011S0503825,100.2
2016-04,Calgary CMA ,2011S0503825,100.2
2016-05,Calgary CMA ,2011S0503825,100.4
2016-06,Calgary CMA ,2011S0503825,99.8
2016-07,Calgary CMA ,2011S0503825,99.9
2016-08,Calgary CMA ,2011S0503825,99.9
2016-09,Calgary CMA ,2011S0503825,99.6
2016-10,Calgary CMA ,2011S0503825,99.5
2016-11,Calgary CMA ,2011S0503825,99.8
2016-12,Calgary CMA ,2011S0503825,100
2017-01,Calgary CMA ,2011S0503825,99.9
2017-02,Calgary CMA ,2011S0503825,99.7
2017-03,Calgary CMA ,2011S0503825,99.7
2017-04,Calgary CMA ,2011S0503825,99.9
2017-05,Calgary CMA ,2011S0503825,99.5
2017-06,Calgary CMA ,2011S0503825,99.5
2017-07,Calgary CMA ,2011S0503825,100.3
2017-08,Calgary CMA ,2011S0503825,100.4
2017-09,Calgary CMA ,2011S0503825,100.3
2017-10,Calgary CMA ,2011S0503825,100.4
2017-11,Calgary CMA ,2011S0503825,100.5
2017-12,Calgary CMA ,2011S0503825,100.3
2018-01,Calgary CMA ,2011S0503825,100.3
2018-02,Calgary CMA ,2011S0503825,100
2018-03,Calgary CMA ,2011S0503825,99.6
2018-04,Calgary CMA ,2011S0503825,99.6
2018-05,Calgary CMA ,2011S0503825,99.5
2018-06,Calgary CMA ,2011S0503825,99.8
2018-07,Calgary CMA ,2011S0503825,100
2018-08,Calgary CMA ,2011S0503825,99.6
2018-09,Calgary CMA ,2011S0503825,99.4
2018-10,Calgary CMA ,2011S0503825,99.1
2018-11,Calgary CMA ,2011S0503825,99.3
2018-12,Calgary CMA ,2011S0503825,99.4
2019-01,Calgary CMA ,2011S0503825,99.2
2019-02,Calgary CMA ,2011S0503825,99.2
2019-03,Calgary CMA ,2011S0503825,99.1
2019-04,Calgary CMA ,2011S0503825,98.5
2019-05,Calgary CMA ,2011S0503825,98.4
2019-06,Calgary CMA ,2011S0503825,97.4
2019-07,Calgary CMA ,2011S0503825,97.4
2019-08,Calgary CMA ,2011S0503825,97.4
2019-09,Calgary CMA ,2011S0503825,97.2
2019-10,Calgary CMA ,2011S0503825,97
2019-11,Calgary CMA ,2011S0503825,97.2
2019-12,Calgary CMA ,2011S0503825,97.2
2020-01,Calgary CMA ,2011S0503825,96.9
2020-02,Calgary CMA ,2011S0503825,97.3
2020-03,Calgary CMA ,2011S0503825,97.1
2020-04,Calgary CMA ,2011S0503825,96.9
2020-05,Calgary CMA ,2011S0503825,96.9
2020-06,Calgary CMA ,2011S0503825,96.8
2020-07,Calgary CMA ,2011S0503825,96.3
2020-08,Calgary CMA ,2011S0503825,96.2
2020-09,Calgary CMA ,2011S0503825,96.6
2020-10,Calgary CMA ,2011S0503825,97
2020-11,Calgary CMA ,2011S0503825,97.3
2020-12,Calgary CMA ,2011S0503825,97.3
2021-01,Calgary CMA ,2011S0503825,97.6
2021-02,Calgary CMA ,2011S0503825,98.4
2021-03,Calgary CMA ,2011S0503825,98.9
2021-04,Calgary CMA ,2011S0503825,101.5
2021-05,Calgary CMA ,2011S0503825,105.3
2021-06,Calgary CMA ,2011S0503825,109
2021-07,Calgary CMA ,2011S0503825,108.8
2021-08,Calgary CMA ,2011S0503825,109
2021-09,Calgary CMA ,2011S0503825,109.1
2021-10,Calgary CMA ,2011S0503825,109.2
2021-11,Calgary CMA ,2011S0503825,109.7
2021-12,Calgary CMA ,2011S0503825,110.2
2022-01,Calgary CMA ,2011S0503825,112.5
2022-02,Calgary CMA ,2011S0503825,116.8
2022-03,Calgary CMA ,2011S0503825,121.6
2022-04,Calgary CMA ,2011S0503825,123.5
2022-05,Calgary CMA ,2011S0503825,125.2
2022-06,Calgary CMA ,2011S0503825,125.3
2022-07,Calgary CMA ,2011S0503825,124.9
2022-08,Calgary CMA ,2011S0503825,125.2
2022-09,Calgary CMA ,2011S0503825,124.6
2022-10,Calgary CMA ,2011S0503825,124.6
2022-11,Calgary CMA ,2011S0503825,124.6
2022-12,Calgary CMA ,2011S0503825,124.7
2023-01,Calgary CMA ,2011S0503825,124.8
2023-02,Calgary CMA ,2011S0503825,124.8
2023-03,Calgary CMA ,2011S0503825,124.9
2023-04,Calgary CMA ,2011S0503825,124.8
2023-05,Calgary CMA ,2011S0503825,125.8
2023-06,Calgary CMA ,2011S0503825,126.6
2023-07,Calgary CMA ,2011S0503825,126.9
2023-08,Calgary CMA ,2011S0503825,127.7
2023-09,Calgary CMA ,2011S0503825,127.8
2023-10,Calgary CMA ,2011S0503825,127.8
2023-11,Calgary CMA ,2011S0503825,127.6
2023-12,Calgary CMA ,2011S0503825,128.1
2024-01,Calgary CMA ,2011S0503825,127.9
2024-02,Calgary CMA ,2011S0503825,128
2024-03,Calgary CMA ,2011S0503825,128.6
2024-04,Calgary CMA ,2011S0503825,129.7
2024-05,Calgary CMA ,2011S0503825,131.4
2024-06,Calgary CMA ,2011S0503825,132.4
2024-07,Calgary CMA ,2011S0503825,133.5
2024-08,Calgary CMA ,2011S0503825,132.9
2024-09,Calgary CMA ,2011S0503825,133.3
2024-10,Calgary CMA ,2011S0503825,133.5
2024-11,Calgary CMA ,2011S0503825,133.7
2024-12,Calgary CMA ,2011S0503825,133.1
2025-01,Calgary CMA ,2011S0503825,133.4
2025-02,Calgary CMA ,2011S0503825,133.8
2025-03,Calgary CMA ,2011S0503825,133.4
2025-04,Calgary CMA ,2011S0503825,131.9
2025-05,Calgary CMA ,2011S0503825,132.1
2025-06,Calgary CMA ,2011S0503825,131.1
2025-07,Calgary CMA ,2011S0503825,131.3
2025-08,Calgary CMA ,2011S0503825,129.9
2025-09,Calgary CMA ,2011S0503825,129.7
2025-10,Calgary CMA ,2011S0503825,129.5
2025-11,Calgary CMA ,2011S0503825,130.2
2025-12,Calgary CMA ,2011S0503825,130.3
2026-01,Calgary CMA ,2011S0503825,129.7
2026-02,Calgary CMA ,2011S0503825,131.4
2026-03,Calgary CMA ,2011S0503825,132.3
2026-04,Calgary CMA ,2011S0503825,130.4
2005-01,Vancouver CMA,2011S0503933,83
2005-02,Vancouver CMA,2011S0503933,83.1
2005-03,Vancouver CMA,2011S0503933,83.1
2005-04,Vancouver CMA,2011S0503933,84.4
2005-05,Vancouver CMA,2011S0503933,85.6
2005-06,Vancouver CMA,2011S0503933,85.6
2005-07,Vancouver CMA,2011S0503933,86
2005-08,Vancouver CMA,2011S0503933,86
2005-09,Vancouver CMA,2011S0503933,86.3
2005-10,Vancouver CMA,2011S0503933,86.3
2005-11,Vancouver CMA,2011S0503933,86.5
2005-12,Vancouver CMA,2011S0503933,86.8
2006-01,Vancouver CMA,2011S0503933,87.8
2006-02,Vancouver CMA,2011S0503933,88.5
2006-03,Vancouver CMA,2011S0503933,88.8
2006-04,Vancouver CMA,2011S0503933,89.6
2006-05,Vancouver CMA,2011S0503933,89.9
2006-06,Vancouver CMA,2011S0503933,90.1
2006-07,Vancouver CMA,2011S0503933,90.5
2006-08,Vancouver CMA,2011S0503933,92.8
2006-09,Vancouver CMA,2011S0503933,93.3
2006-10,Vancouver CMA,2011S0503933,93.8
2006-11,Vancouver CMA,2011S0503933,93.9
2006-12,Vancouver CMA,2011S0503933,93.9
2007-01,Vancouver CMA,2011S0503933,93.9
2007-02,Vancouver CMA,2011S0503933,93.9
2007-03,Vancouver CMA,2011S0503933,94.9
2007-04,Vancouver CMA,2011S0503933,95.6
2007-05,Vancouver CMA,2011S0503933,97.8
2007-06,Vancouver CMA,2011S0503933,98.7
2007-07,Vancouver CMA,2011S0503933,98.9
2007-08,Vancouver CMA,2011S0503933,99
2007-09,Vancouver CMA,2011S0503933,99
2007-10,Vancouver CMA,2011S0503933,99.6
2007-11,Vancouver CMA,2011S0503933,99.8
2007-12,Vancouver CMA,2011S0503933,99.8
2008-01,Vancouver CMA,2011S0503933,99.9
2008-02,Vancouver CMA,2011S0503933,100
2008-03,Vancouver CMA,2011S0503933,100.7
2008-04,Vancouver CMA,2011S0503933,100.8
2008-05,Vancouver CMA,2011S0503933,100.5
2008-06,Vancouver CMA,2011S0503933,100.4
2008-07,Vancouver CMA,2011S0503933,100.5
2008-08,Vancouver CMA,2011S0503933,100.4
2008-09,Vancouver CMA,2011S0503933,100.3
2008-10,Vancouver CMA,2011S0503933,99.2
2008-11,Vancouver CMA,2011S0503933,97.5
2008-12,Vancouver CMA,2011S0503933,97.5
2009-01,Vancouver CMA,2011S0503933,96.7
2009-02,Vancouver CMA,2011S0503933,94
2009-03,Vancouver CMA,2011S0503933,92.9
2009-04,Vancouver CMA,2011S0503933,91.7
2009-05,Vancouver CMA,2011S0503933,92.1
2009-06,Vancouver CMA,2011S0503933,91.3
2009-07,Vancouver CMA,2011S0503933,92.4
2009-08,Vancouver CMA,2011S0503933,92.5
2009-09,Vancouver CMA,2011S0503933,93.8
2009-10,Vancouver CMA,2011S0503933,94.5
2009-11,Vancouver CMA,2011S0503933,94.8
2009-12,Vancouver CMA,2011S0503933,95.4
2010-01,Vancouver CMA,2011S0503933,95.8
2010-02,Vancouver CMA,2011S0503933,96.3
2010-03,Vancouver CMA,2011S0503933,96.9
2010-04,Vancouver CMA,2011S0503933,97.2
2010-05,Vancouver CMA,2011S0503933,97.5
2010-06,Vancouver CMA,2011S0503933,97.4
2010-07,Vancouver CMA,2011S0503933,96.5
2010-08,Vancouver CMA,2011S0503933,96.6
2010-09,Vancouver CMA,2011S0503933,96.2
2010-10,Vancouver CMA,2011S0503933,96.3
2010-11,Vancouver CMA,2011S0503933,96.1
2010-12,Vancouver CMA,2011S0503933,96
2011-01,Vancouver CMA,2011S0503933,96
2011-02,Vancouver CMA,2011S0503933,96.1
2011-03,Vancouver CMA,2011S0503933,96.3
2011-04,Vancouver CMA,2011S0503933,96.5
2011-05,Vancouver CMA,2011S0503933,96.7
2011-06,Vancouver CMA,2011S0503933,96.6
2011-07,Vancouver CMA,2011S0503933,96.6
2011-08,Vancouver CMA,2011S0503933,96.3
2011-09,Vancouver CMA,2011S0503933,96.3
2011-10,Vancouver CMA,2011S0503933,96.2
2011-11,Vancouver CMA,2011S0503933,95.9
2011-12,Vancouver CMA,2011S0503933,95.7
2012-01,Vancouver CMA,2011S0503933,96
2012-02,Vancouver CMA,2011S0503933,95.8
2012-03,Vancouver CMA,2011S0503933,95.7
2012-04,Vancouver CMA,2011S0503933,95.7
2012-05,Vancouver CMA,2011S0503933,95.8
2012-06,Vancouver CMA,2011S0503933,95.8
2012-07,Vancouver CMA,2011S0503933,95.9
2012-08,Vancouver CMA,2011S0503933,95.9
2012-09,Vancouver CMA,2011S0503933,95.8
2012-10,Vancouver CMA,2011S0503933,95.9
2012-11,Vancouver CMA,2011S0503933,95.5
2012-12,Vancouver CMA,2011S0503933,95.2
2013-01,Vancouver CMA,2011S0503933,95.2
2013-02,Vancouver CMA,2011S0503933,95.2
2013-03,Vancouver CMA,2011S0503933,95.1
2013-04,Vancouver CMA,2011S0503933,95.1
2013-05,Vancouver CMA,2011S0503933,94.9
2013-06,Vancouver CMA,2011S0503933,94.7
2013-07,Vancouver CMA,2011S0503933,95
2013-08,Vancouver CMA,2011S0503933,94.6
2013-09,Vancouver CMA,2011S0503933,94.6
2013-10,Vancouver CMA,2011S0503933,94.4
2013-11,Vancouver CMA,2011S0503933,94.3
2013-12,Vancouver CMA,2011S0503933,94.1
2014-01,Vancouver CMA,2011S0503933,94.1
2014-02,Vancouver CMA,2011S0503933,94.1
2014-03,Vancouver CMA,2011S0503933,94
2014-04,Vancouver CMA,2011S0503933,93.6
2014-05,Vancouver CMA,2011S0503933,93.5
2014-06,Vancouver CMA,2011S0503933,93.3
2014-07,Vancouver CMA,2011S0503933,93.2
2014-08,Vancouver CMA,2011S0503933,93.5
2014-09,Vancouver CMA,2011S0503933,93.5
2014-10,Vancouver CMA,2011S0503933,93.8
2014-11,Vancouver CMA,2011S0503933,93.7
2014-12,Vancouver CMA,2011S0503933,93.6
2015-01,Vancouver CMA,2011S0503933,93.5
2015-02,Vancouver CMA,2011S0503933,93.5
2015-03,Vancouver CMA,2011S0503933,93.5
2015-04,Vancouver CMA,2011S0503933,94.1
2015-05,Vancouver CMA,2011S0503933,94.1
2015-06,Vancouver CMA,2011S0503933,94.3
2015-07,Vancouver CMA,2011S0503933,94.7
2015-08,Vancouver CMA,2011S0503933,94.7
2015-09,Vancouver CMA,2011S0503933,95.1
2015-10,Vancouver CMA,2011S0503933,95.4
2015-11,Vancouver CMA,2011S0503933,95.8
2015-12,Vancouver CMA,2011S0503933,96
2016-01,Vancouver CMA,2011S0503933,96.4
2016-02,Vancouver CMA,2011S0503933,97.2
2016-03,Vancouver CMA,2011S0503933,97.6
2016-04,Vancouver CMA,2011S0503933,97.8
2016-05,Vancouver CMA,2011S0503933,98.9
2016-06,Vancouver CMA,2011S0503933,99.3
2016-07,Vancouver CMA,2011S0503933,99.8
2016-08,Vancouver CMA,2011S0503933,99.8
2016-09,Vancouver CMA,2011S0503933,100.1
2016-10,Vancouver CMA,2011S0503933,100.3
2016-11,Vancouver CMA,2011S0503933,100
2016-12,Vancouver CMA,2011S0503933,100
2017-01,Vancouver CMA,2011S0503933,99.9
2017-02,Vancouver CMA,2011S0503933,99.8
2017-03,Vancouver CMA,2011S0503933,100.5
2017-04,Vancouver CMA,2011S0503933,101.7
2017-05,Vancouver CMA,2011S0503933,103.9
2017-06,Vancouver CMA,2011S0503933,105.5
2017-07,Vancouver CMA,2011S0503933,107.6
2017-08,Vancouver CMA,2011S0503933,107.6
2017-09,Vancouver CMA,2011S0503933,108.4
2017-10,Vancouver CMA,2011S0503933,108.7
2017-11,Vancouver CMA,2011S0503933,108.7
2017-12,Vancouver CMA,2011S0503933,108.9
2018-01,Vancouver CMA,2011S0503933,108.9
2018-02,Vancouver CMA,2011S0503933,108.9
2018-03,Vancouver CMA,2011S0503933,108.9
2018-04,Vancouver CMA,2011S0503933,108.9
2018-05,Vancouver CMA,2011S0503933,108.9
2018-06,Vancouver CMA,2011S0503933,109.1
2018-07,Vancouver CMA,2011S0503933,108.9
2018-08,Vancouver CMA,2011S0503933,108.7
2018-09,Vancouver CMA,2011S0503933,109.1
2018-10,Vancouver CMA,2011S0503933,109.1
2018-11,Vancouver CMA,2011S0503933,108.8
2018-12,Vancouver CMA,2011S0503933,108.7
2019-01,Vancouver CMA,2011S0503933,108.6
2019-02,Vancouver CMA,2011S0503933,108.3
2019-03,Vancouver CMA,2011S0503933,108.4
2019-04,Vancouver CMA,2011S0503933,108.2
2019-05,Vancouver CMA,2011S0503933,107.9
2019-06,Vancouver CMA,2011S0503933,107.8
2019-07,Vancouver CMA,2011S0503933,107.3
2019-08,Vancouver CMA,2011S0503933,107.3
2019-09,Vancouver CMA,2011S0503933,106.7
2019-10,Vancouver CMA,2011S0503933,106.4
2019-11,Vancouver CMA,2011S0503933,105.8
2019-12,Vancouver CMA,2011S0503933,106.2
2020-01,Vancouver CMA,2011S0503933,106
2020-02,Vancouver CMA,2011S0503933,106.4
2020-03,Vancouver CMA,2011S0503933,106.9
2020-04,Vancouver CMA,2011S0503933,106.9
2020-05,Vancouver CMA,2011S0503933,106.9
2020-06,Vancouver CMA,2011S0503933,107
2020-07,Vancouver CMA,2011S0503933,107.8
2020-08,Vancouver CMA,2011S0503933,108.9
2020-09,Vancouver CMA,2011S0503933,111.1
2020-10,Vancouver CMA,2011S0503933,112.5
2020-11,Vancouver CMA,2011S0503933,112.8
2020-12,Vancouver CMA,2011S0503933,112.8
2021-01,Vancouver CMA,2011S0503933,113.1
2021-02,Vancouver CMA,2011S0503933,117.6
2021-03,Vancouver CMA,2011S0503933,118.2
2021-04,Vancouver CMA,2011S0503933,120
2021-05,Vancouver CMA,2011S0503933,120.9
2021-06,Vancouver CMA,2011S0503933,120.5
2021-07,Vancouver CMA,2011S0503933,120.9
2021-08,Vancouver CMA,2011S0503933,121.5
2021-09,Vancouver CMA,2011S0503933,122.6
2021-10,Vancouver CMA,2011S0503933,123.8
2021-11,Vancouver CMA,2011S0503933,124.7
2021-12,Vancouver CMA,2011S0503933,124.8
2022-01,Vancouver CMA,2011S0503933,127.1
2022-02,Vancouver CMA,2011S0503933,128
2022-03,Vancouver CMA,2011S0503933,128.3
2022-04,Vancouver CMA,2011S0503933,128.6
2022-05,Vancouver CMA,2011S0503933,128.6
2022-06,Vancouver CMA,2011S0503933,128.7
2022-07,Vancouver CMA,2011S0503933,129.4
2022-08,Vancouver CMA,2011S0503933,129.4
2022-09,Vancouver CMA,2011S0503933,129.4
2022-10,Vancouver CMA,2011S0503933,128.4
2022-11,Vancouver CMA,2011S0503933,128.2
2022-12,Vancouver CMA,2011S0503933,128.2
2023-01,Vancouver CMA,2011S0503933,127.7
2023-02,Vancouver CMA,2011S0503933,127.6
2023-03,Vancouver CMA,2011S0503933,127.6
2023-04,Vancouver CMA,2011S0503933,127.6
2023-05,Vancouver CMA,2011S0503933,127.8
2023-06,Vancouver CMA,2011S0503933,128.5
2023-07,Vancouver CMA,2011S0503933,128.4
2023-08,Vancouver CMA,2011S0503933,129.1
2023-09,Vancouver CMA,2011S0503933,128.6
2023-10,Vancouver CMA,2011S0503933,128.6
2023-11,Vancouver CMA,2011S0503933,128.6
2023-12,Vancouver CMA,2011S0503933,128.7
2024-01,Vancouver CMA,2011S0503933,128.3
2024-02,Vancouver CMA,2011S0503933,128.5
2024-03,Vancouver CMA,2011S0503933,128.5
2024-04,Vancouver CMA,2011S0503933,129.2
2024-05,Vancouver CMA,2011S0503933,129.2
2024-06,Vancouver CMA,2011S0503933,128.4
2024-07,Vancouver CMA,2011S0503933,128.8
2024-08,Vancouver CMA,2011S0503933,128.9
2024-09,Vancouver CMA,2011S0503933,128.6
2024-10,Vancouver CMA,2011S0503933,127.8
2024-11,Vancouver CMA,2011S0503933,127.8
2024-12,Vancouver CMA,2011S0503933,127.8
2025-01,Vancouver CMA,2011S0503933,128
2025-02,Vancouver CMA,2011S0503933,127.9
2025-03,Vancouver CMA,2011S0503933,127.8
2025-04,Vancouver CMA,2011S0503933,127.6
2025-05,Vancouver CMA,2011S0503933,127.1
2025-06,Vancouver CMA,2011S0503933,126.8
2025-07,Vancouver CMA,2011S0503933,126.8
2025-08,Vancouver CMA,2011S0503933,125.8
2025-09,Vancouver CMA,2011S0503933,126.1
2025-10,Vancouver CMA,2011S0503933,125.9
2025-11,Vancouver CMA,2011S0503933,125.7
2025-12,Vancouver CMA,2011S0503933,125.4
2026-01,Vancouver CMA,2011S0503933,125
2026-02,Vancouver CMA,2011S0503933,125
2026-03,Vancouver CMA,2011S0503933,124.6
2026-04,Vancouver CMA,2011S0503933,124.5
